mes,var,all,noncopy,dec_sim
6,RAW,0.24405642857142854,0.26075096916247964,0.24635673333333333
6,RANK,0.2436741428571428,0.2631247438014592,0.24512401904761907
6,DROP,0.24563790476190475,0.2670957919023693,0.24563790476190475
7,RAW,0.2636728292083374,0.248719716926782,0.26395356278178445
7,RANK,0.2647829992557041,0.2496012911031796,0.26331629722785443
7,DROP,0.2664932257668957,0.25211674942845796,0.2664932257668957
8,RAW,0.2589804038118946,0.2659560803049999,0.26488624444271663
8,RANK,0.26042646161135924,0.26709575273811864,0.266863973077103
8,DROP,0.26466963265515503,0.27126069383971946,0.26466963265515503
9,RAW,0.24604646208197054,0.2486579122722515,0.24719322822782405
9,RANK,0.24522408850242913,0.24775312060246155,0.2461711064179147
9,DROP,0.24721684516780842,0.2518031197659991,0.24721684516780842
10,RAW,0.26378679388255305,0.26262621599455804,0.2620388918952531
10,RANK,0.26289674203490887,0.2618482592676141,0.2615127688315103
10,DROP,0.2624071808408333,0.26053688247236645,0.2624071808408333
11,RAW,0.23595831725184882,0.22594246179078978,0.2356516677314858
11,RANK,0.23562819601994142,0.2249286224882797,0.23372718279086754
11,DROP,0.23506496689865086,0.2242470956078185,0.23506496689865086
