mes,LightGBM,Logística simple,Logística con tramos,Logística por banda,Logística 12 reglas
202602,0.23661339293724426,0.22644664269229797,0.22356246601893437,0.22437954214068134,0.25763061581873514
202603,0.2426265292294456,0.2218715053502176,0.2266520537539607,0.2274451043495287,0.2721982692178351
202604,0.2584118831138835,0.24424456257923777,0.23432481521494597,0.24878116586226917,0.2687270838173126
202605,0.2733744502327171,0.24960220452529036,0.24501487989334403,0.2639016396942655,0.2788225283601635
202606,0.246259142857143,0.2173194285714286,0.21993842857142853,0.24412057142857146,0.25837900000000014
202607,0.2643032278486426,0.24297410363678362,0.24486153530272303,0.2539022491423486,0.25853724473645934
202608,0.2673140788274013,0.24643121328036632,0.24025172735383382,0.24290392991201282,0.25297056876802415
202609,0.24828967757729337,0.23455714144788997,0.2262005252040653,0.24162146438923537,0.24134239857029183
202610,0.2641804221831583,0.23910846551065412,0.24113061886659715,0.24389348619854778,0.25648877487112776
202611,0.236284070584448,0.20201014174494203,0.19757816075633872,0.21805441293321204,0.2391886948880666
