mes,n_train,LGB_acumulada,LGB_movil3,Reglas_acumulada
202602,10400,0.23716800003390737,0.23716800003390737,0.25763061581873514
202603,20200,0.23970633539486164,0.23970633539486164,0.2721982692178351
202604,30500,0.26096938193750585,0.26096938193750585,0.2687270838173126
202605,40100,0.27485220926977627,0.2657638503399422,0.2788225283601635
202606,50200,0.24993599999999994,0.2396651428571428,0.25837900000000014
202607,60550,0.26509765675127706,0.2700645911933546,0.25853724473645934
202608,70250,0.26698381726361275,0.24968648821790285,0.25297056876802415
202609,80300,0.24747990569988776,0.23505451487905193,0.24134239857029183
202610,90200,0.26345175233684115,0.24861464498947417,0.25648877487112776
202611,100600,0.23536853590055462,0.22200810894759293,0.2391886948880666
