variant,config,month,pearson,spearman
A,small; E=1; context=60000; uniform,202609,0.9566811310972304,0.8538175090267173
A,small; E=1; context=60000; uniform,202610,0.9569237130156449,0.8484694530851754
A,small; E=1; context=60000; uniform,202611,0.9508550265774653,0.8120819425146258
D,small; E=1; context=60000; uniform,202609,0.9453027425324927,0.828225298111273
D,small; E=1; context=60000; uniform,202610,0.9498571360429915,0.8291939823004117
D,small; E=1; context=60000; uniform,202611,0.9432206548519887,0.7885921115865784
D,small; E=8; context=8192; uniform,202609,0.9084104639358093,0.759214051867313
D,small; E=8; context=8192; uniform,202610,0.9256402420481263,0.7866117892092432
D,small; E=8; context=8192; uniform,202611,0.9259021616797033,0.7717081798420796
D,small; E=4; context=8192; uniform,202609,0.8961705768324228,0.7423554902505941
D,small; E=4; context=8192; uniform,202610,0.911550712882572,0.8048800376838432
D,small; E=4; context=8192; uniform,202611,0.9141400099926124,0.7462466224375165
D,small; E=1; context=8192; recency-aware,202609,0.8577601715731229,0.753780789370049
D,small; E=1; context=8192; recency-aware,202610,0.9063734393026119,0.7606487956891558
D,small; E=1; context=8192; recency-aware,202611,0.8363955305014493,0.7962456663001368
D,small; E=1; context=8192; uniform,202609,0.9055122509170864,0.7527255986645851
D,small; E=1; context=8192; uniform,202610,0.8286360749388186,0.7667925489617632
D,small; E=1; context=8192; uniform,202611,0.8806589304757156,0.7080309931681614
D,small; E=1; context=8192; balanced-by-month,202609,0.8708087786801149,0.7148100114315777
D,small; E=1; context=8192; balanced-by-month,202610,0.8940349083995435,0.756510195635343
D,small; E=1; context=8192; balanced-by-month,202611,0.8284298990770126,0.6734576731045797
D,large; E=1; context=60000; uniform,202609,0.6643718065228159,0.563262662746942
D,large; E=1; context=60000; uniform,202610,0.7036468450892271,0.6344675841953471
D,large; E=1; context=60000; uniform,202611,0.7200360985059003,0.5974453496873823
D,medium; E=1; context=60000; uniform,202609,0.727900526405707,0.6502083533540925
D,medium; E=1; context=60000; uniform,202610,0.5682544668569198,0.5262980856295293
D,medium; E=1; context=60000; uniform,202611,0.5834824923789085,0.4934823331667188
