variant,kumo_config,method,weight_lgbm,weight_kumo,gini_sep,gini_oct,gini_nov,mean_gini,std_gini
A,small; E=1; context=60000; uniform,probability,0.75,0.25,0.24516501802366886,0.26807151636153037,0.24718410583511963,0.2534735467401063,0.010355182815015953
A,small; E=1; context=60000; uniform,rank,0.75,0.25,0.24412782480303585,0.2682856497835977,0.24593563377371241,0.2527830361201153,0.010986819864971773
A,small; E=1; context=60000; uniform,probability,0.5,0.5,0.24530779980947237,0.26724159179699525,0.25013967938527126,0.2542296903305796,0.00940988664074608
A,small; E=1; context=60000; uniform,rank,0.5,0.5,0.2438747499947469,0.26701877539770846,0.24879034333326522,0.25322795624190686,0.00995592902775158
A,small; E=1; context=60000; uniform,probability,0.25,0.75,0.24399846045455065,0.2641577344039725,0.24936518187113732,0.25250712557655347,0.008524589500496504
A,small; E=1; context=60000; uniform,rank,0.25,0.75,0.24224575496333367,0.2637776440786017,0.2481090372497614,0.25137747876389893,0.009089099503124712
D,small; E=1; context=60000; uniform,probability,0.75,0.25,0.24475979453937313,0.2665159329831013,0.24700686107899128,0.2527608628671552,0.00976946919163001
D,small; E=1; context=60000; uniform,rank,0.75,0.25,0.2436237004600157,0.26653673011402135,0.245515108520602,0.25189184636487966,0.010384245154152776
D,small; E=1; context=60000; uniform,probability,0.5,0.5,0.2440305272858776,0.26361553849583963,0.2491036251638934,0.2522498969818702,0.00829929457998413
D,small; E=1; context=60000; uniform,rank,0.5,0.5,0.24275333914868136,0.26304925432832404,0.24671547621726253,0.250839356564756,0.008783918453065033
D,small; E=1; context=60000; uniform,probability,0.25,0.75,0.24140037202587528,0.25860335992004946,0.24736152300832637,0.24912175165141703,0.007132531190666394
D,small; E=1; context=60000; uniform,rank,0.25,0.75,0.23992512901203522,0.2575777882720427,0.244773370251278,0.24742542917845198,0.007446661764503802
D,small; E=8; context=8192; uniform,probability,0.75,0.25,0.24309721372146464,0.26811815235207836,0.2401532822306358,0.25045621610139296,0.012546571304494051
D,small; E=8; context=8192; uniform,rank,0.75,0.25,0.24397289137588718,0.2678281129033522,0.23944878605014797,0.25041659677646244,0.012449566327849913
D,small; E=8; context=8192; uniform,probability,0.5,0.5,0.2414661934164939,0.2653467420909281,0.23519629123968655,0.24733640891570285,0.012989919017932026
D,small; E=8; context=8192; uniform,rank,0.5,0.5,0.24241900023889795,0.2650608340587821,0.23416756474412148,0.2472157996806005,0.013060257422168894
D,small; E=8; context=8192; uniform,probability,0.25,0.75,0.23878743159111115,0.25971120977960926,0.22754562823998614,0.2420147565369022,0.013328362707020189
D,small; E=8; context=8192; uniform,rank,0.25,0.75,0.23821360408315417,0.25908407474754935,0.22598378813941178,0.24109382232337176,0.013665747600446759
D,small; E=4; context=8192; uniform,probability,0.75,0.25,0.24420655731258334,0.2668197671617645,0.23828255693492117,0.249769627136423,0.012296446675942582
D,small; E=4; context=8192; uniform,rank,0.75,0.25,0.24453076985457955,0.2666449172092127,0.23893550040910272,0.25003706249096497,0.011963622327670061
D,small; E=4; context=8192; uniform,probability,0.5,0.5,0.24294008624796248,0.2633000803315442,0.2333162554217627,0.24651880733375645,0.012499676596150736
D,small; E=4; context=8192; uniform,rank,0.5,0.5,0.24273966855216833,0.26281943552805376,0.23254348207840847,0.24603419538621019,0.012577725539392737
D,small; E=4; context=8192; uniform,probability,0.25,0.75,0.23960125401563248,0.2568952642482054,0.2250917883866581,0.24052943555016534,0.013000292559266793
D,small; E=4; context=8192; uniform,rank,0.25,0.75,0.23845056108938123,0.25652238639584724,0.22322882185945092,0.23940058978155979,0.0136086314710375
D,small; E=1; context=8192; recency-aware,probability,0.75,0.25,0.24612871069144449,0.26917411442035255,0.23871066853946088,0.25133783121708597,0.012970648563134086
D,small; E=1; context=8192; recency-aware,rank,0.75,0.25,0.2424935134285342,0.2677690126390537,0.23878041124749005,0.24968097910502599,0.01287968684396228
D,small; E=1; context=8192; recency-aware,probability,0.5,0.5,0.24409145426539913,0.2668469364775794,0.23220606185686798,0.24771481753328217,0.01437229092502294
D,small; E=1; context=8192; recency-aware,rank,0.5,0.5,0.23886835814701302,0.2643331445486028,0.23197605747488792,0.24505918672350124,0.013916178589962334
D,small; E=1; context=8192; recency-aware,probability,0.25,0.75,0.2356568649896107,0.2604621472610529,0.22282536589705737,0.23964812604924032,0.015622194713395996
D,small; E=1; context=8192; recency-aware,rank,0.25,0.75,0.231927914438268,0.25668876344320957,0.22369667560045747,0.23743778449397834,0.014021137996588766
D,small; E=1; context=8192; uniform,probability,0.75,0.25,0.23975264321405532,0.2657353753454985,0.2409964879503308,0.2488281688366282,0.011965979870231546
D,small; E=1; context=8192; uniform,rank,0.75,0.25,0.2410899144667904,0.2641388279213177,0.24134727049541205,0.2488586709611734,0.010805213419960824
D,small; E=1; context=8192; uniform,probability,0.5,0.5,0.23554800653589547,0.2587139278315749,0.23679485617786344,0.2436855968484446,0.010638819095222428
D,small; E=1; context=8192; uniform,rank,0.5,0.5,0.2357504495052467,0.2566537514382934,0.23731719371550097,0.243240464886347,0.00950616866210428
D,small; E=1; context=8192; uniform,probability,0.25,0.75,0.22917261414969192,0.24729833365264287,0.2289719485172952,0.23514763210654333,0.008592234002120582
D,small; E=1; context=8192; uniform,rank,0.25,0.75,0.22828216887557895,0.2449299115680783,0.2285368540210979,0.23391631148825173,0.0077884853542309115
D,small; E=1; context=8192; balanced-by-month,probability,0.75,0.25,0.24428824334606936,0.26900927790120654,0.23663950839063408,0.24997900987930333,0.013813981138535662
D,small; E=1; context=8192; balanced-by-month,rank,0.75,0.25,0.24245807114127804,0.267818239517966,0.23753926691189542,0.24927185919037984,0.01326712292858692
D,small; E=1; context=8192; balanced-by-month,probability,0.5,0.5,0.24057743587034586,0.26708277734269514,0.22855607852528914,0.2454054305794434,0.01609469436646921
D,small; E=1; context=8192; balanced-by-month,rank,0.5,0.5,0.23755977826967567,0.2636652555428207,0.2273481244771991,0.2428577194298985,0.015292364927467827
D,small; E=1; context=8192; balanced-by-month,probability,0.25,0.75,0.2320081659029838,0.26129487278598074,0.2146544343646546,0.23598582435120638,0.01924749246146826
D,small; E=1; context=8192; balanced-by-month,rank,0.25,0.75,0.22926054477664648,0.2554303619625098,0.21224706091383294,0.23231265588432973,0.017761116876018737
D,large; E=1; context=60000; uniform,probability,0.75,0.25,0.2531003773675342,0.24367319066361492,0.239193263940632,0.24532227732392706,0.005796065681540394
D,large; E=1; context=60000; uniform,rank,0.75,0.25,0.24821533316045374,0.25537294227444707,0.2394993904625251,0.2476958886324753,0.006490751304467909
D,large; E=1; context=60000; uniform,probability,0.5,0.5,0.24637478142868052,0.22326847429446595,0.23207950772165575,0.23390758781493406,0.00952126619610873
D,large; E=1; context=60000; uniform,rank,0.5,0.5,0.2466469275629688,0.2342847215453232,0.22985644812715833,0.2369293657451501,0.007105193271068335
D,large; E=1; context=60000; uniform,probability,0.25,0.75,0.23138455042007133,0.19949840401276786,0.21517470289735696,0.2153525524433987,0.013018072208095137
D,large; E=1; context=60000; uniform,rank,0.25,0.75,0.23518463870512107,0.20710630260903873,0.21427968584573898,0.21885687571996626,0.011911093983892685
D,medium; E=1; context=60000; uniform,probability,0.75,0.25,0.24002875550906055,0.24247255899102682,0.22357865611060346,0.2353599902035636,0.008390189454439295
D,medium; E=1; context=60000; uniform,rank,0.75,0.25,0.24038309399522406,0.2606906356051364,0.23581940655938372,0.2456310453865814,0.010810496563251533
D,medium; E=1; context=60000; uniform,probability,0.5,0.5,0.2249359106402049,0.2188772686378706,0.2041251820401062,0.21597945377272723,0.008739550120428619
D,medium; E=1; context=60000; uniform,rank,0.5,0.5,0.2322787086957061,0.242217881667266,0.22033143907310637,0.2316093431453595,0.00894763022767683
D,medium; E=1; context=60000; uniform,probability,0.25,0.75,0.21066363910772856,0.1962539115411892,0.18307133265211362,0.19666296110034379,0.011268224794868265
D,medium; E=1; context=60000; uniform,rank,0.25,0.75,0.21780112505633853,0.21352659399855023,0.19554251852556837,0.20895674586015237,0.009644481156907813
