model,variant,config,model_size,estimators,sampling,train_through,valid_month,gini,roc_auc,pr_auc,context_rows_per_estimator,estimator_context_rows,query_rows,batch_size,elapsed_seconds,vram_peak_gib,context_unique_clients,query_unique_clients,context_query_client_overlap,train_rows,checkpoint
KumoTabular,A,small; estimators=1; context=60000; sampling=uniform,small,1,uniform,202608,202609,0.2393810055162544,0.6196905027581272,0.2254473468103428,60000,60000,9900,256,26.469189150000147,2.3972983360290527,19238,9900,8132,80300,nvidia/Kumo-Tabular@v1.0.0/small/classifier.pt
KumoTabular,A,small; estimators=1; context=60000; sampling=uniform,small,1,uniform,202609,202610,0.2584777368464097,0.6292388684232049,0.2511459289992474,60000,60000,10400,256,11.838536803999888,2.39572811126709,19937,10400,7980,90200,nvidia/Kumo-Tabular@v1.0.0/small/classifier.pt
KumoTabular,A,small; estimators=1; context=60000; sampling=uniform,small,1,uniform,202610,202611,0.2440303388538696,0.6220151694269348,0.2281401358175969,60000,60000,9500,256,11.778216720000046,2.3956546783447266,20784,9500,7889,100600,nvidia/Kumo-Tabular@v1.0.0/small/classifier.pt
KumoTabular,D,small; estimators=1; context=60000; sampling=uniform,small,1,uniform,202608,202609,0.2357971151834674,0.6178985575917337,0.224905281174664,60000,60000,9900,256,12.463453866000007,2.399416923522949,19238,9900,8132,80300,nvidia/Kumo-Tabular@v1.0.0/small/classifier.pt
KumoTabular,D,small; estimators=1; context=60000; sampling=uniform,small,1,uniform,202609,202610,0.2508709586342965,0.6254354793171483,0.2501330599803216,60000,60000,10400,256,12.950611871000092,2.399469375610352,19937,10400,7980,90200,nvidia/Kumo-Tabular@v1.0.0/small/classifier.pt
KumoTabular,D,small; estimators=1; context=60000; sampling=uniform,small,1,uniform,202610,202611,0.240215524795774,0.620107762397887,0.2289231353078981,60000,60000,9500,256,12.997079574000054,2.399375438690185,20784,9500,7889,100600,nvidia/Kumo-Tabular@v1.0.0/small/classifier.pt
KumoTabular,D,small; estimators=1; context=8192; sampling=uniform,small,1,uniform,202608,202609,0.2206515288157187,0.6103257644078594,0.2156340682354524,8192,8192,9900,256,2.6111385579999933,0.7215204238891602,6616,9900,3276,80300,nvidia/Kumo-Tabular@v1.0.0/small/classifier.pt
KumoTabular,D,small; estimators=1; context=8192; sampling=uniform,small,1,uniform,202609,202610,0.2294022974597529,0.6147011487298765,0.2403604670194673,8192,8192,10400,256,2.684401569999864,0.7215728759765625,6684,10400,3134,90200,nvidia/Kumo-Tabular@v1.0.0/small/classifier.pt
KumoTabular,D,small; estimators=1; context=8192; sampling=uniform,small,1,uniform,202610,202611,0.2167387844199444,0.6083693922099722,0.2236872879956881,8192,8192,9500,256,3.259148376999974,0.7214789390563965,6678,9500,3001,100600,nvidia/Kumo-Tabular@v1.0.0/small/classifier.pt
KumoTabular,D,small; estimators=1; context=8192; sampling=recency-aware,small,1,recency-aware,202608,202609,0.2235787241974876,0.6117893620987438,0.2124200228358193,8192,8192,9900,256,2.63851962800004,0.7215204238891602,6506,9900,3569,80300,nvidia/Kumo-Tabular@v1.0.0/small/classifier.pt
KumoTabular,D,small; estimators=1; context=8192; sampling=recency-aware,small,1,recency-aware,202609,202610,0.2465553789083201,0.6232776894541601,0.2474531724302507,8192,8192,10400,256,2.924040476000073,0.7215728759765625,6540,10400,3379,90200,nvidia/Kumo-Tabular@v1.0.0/small/classifier.pt
KumoTabular,D,small; estimators=1; context=8192; sampling=recency-aware,small,1,recency-aware,202610,202611,0.2118495533406283,0.6059247766703142,0.2138791692978078,8192,8192,9500,256,2.6131870470001104,0.7214789390563965,6661,9500,3243,100600,nvidia/Kumo-Tabular@v1.0.0/small/classifier.pt
KumoTabular,D,small; estimators=1; context=8192; sampling=balanced-by-month,small,1,balanced-by-month,202608,202609,0.2189349407029437,0.6094674703514719,0.2225916388086614,8192,8192,9900,256,3.115856112999836,0.7215204238891602,6536,9900,3329,80300,nvidia/Kumo-Tabular@v1.0.0/small/classifier.pt
KumoTabular,D,small; estimators=1; context=8192; sampling=balanced-by-month,small,1,balanced-by-month,202609,202610,0.2449470674504874,0.6224735337252437,0.2457045521224913,8192,8192,10400,256,2.667291435000152,0.7215728759765625,6586,10400,3179,90200,nvidia/Kumo-Tabular@v1.0.0/small/classifier.pt
KumoTabular,D,small; estimators=1; context=8192; sampling=balanced-by-month,small,1,balanced-by-month,202610,202611,0.1950300087613736,0.5975150043806868,0.2179092583750734,8192,8192,9500,256,2.5576867519998814,0.7214789390563965,6645,9500,2971,100600,nvidia/Kumo-Tabular@v1.0.0/small/classifier.pt
KumoTabular,D,small; estimators=4; context=8192; sampling=uniform,small,4,uniform,202608,202609,0.2320167733156033,0.6160083866578017,0.2190044395106266,8192,32768,9900,256,9.896031644000004,0.761202335357666,14582,9900,6631,80300,nvidia/Kumo-Tabular@v1.0.0/small/classifier.pt
KumoTabular,D,small; estimators=4; context=8192; sampling=uniform,small,4,uniform,202609,202610,0.2481239867525777,0.6240619933762889,0.2464880063368935,8192,32768,10400,256,9.005230807999851,0.7619113922119141,15035,10400,6496,90200,nvidia/Kumo-Tabular@v1.0.0/small/classifier.pt
KumoTabular,D,small; estimators=4; context=8192; sampling=uniform,small,4,uniform,202610,202611,0.2132738046130016,0.6066369023065008,0.2221957451615375,8192,32768,9500,256,7.745511949000047,0.7619643211364746,15462,9500,6335,100600,nvidia/Kumo-Tabular@v1.0.0/small/classifier.pt
KumoTabular,D,small; estimators=8; context=8192; sampling=uniform,small,8,uniform,202608,202609,0.2321172775158939,0.616058638757947,0.2214984758976875,8192,65536,9900,256,15.780227216999949,0.7725348472595215,17765,9900,7710,80300,nvidia/Kumo-Tabular@v1.0.0/small/classifier.pt
KumoTabular,D,small; estimators=8; context=8192; sampling=uniform,small,8,uniform,202609,202610,0.2514303804488482,0.6257151902244241,0.2484984676649314,8192,65536,10400,256,15.788366718999896,0.7732439041137695,18522,10400,7570,90200,nvidia/Kumo-Tabular@v1.0.0/small/classifier.pt
KumoTabular,D,small; estimators=8; context=8192; sampling=uniform,small,8,uniform,202610,202611,0.2172000001034502,0.6086000000517251,0.226065243292301,8192,65536,9500,256,14.663189353999996,0.7732968330383301,19479,9500,7498,100600,nvidia/Kumo-Tabular@v1.0.0/small/classifier.pt
KumoTabular,D,medium; estimators=1; context=60000; sampling=uniform,medium,1,uniform,202608,202609,0.1980171559235326,0.5990085779617663,0.2011912482973131,60000,60000,9900,256,32.4292780090002,1.704561710357666,19238,9900,8132,80300,nvidia/Kumo-Tabular@v1.0.0/medium/classifier.pt
KumoTabular,D,medium; estimators=1; context=60000; sampling=uniform,medium,1,uniform,202609,202610,0.1765191848981178,0.5882595924490589,0.2066767031135633,60000,60000,10400,256,28.120884632999832,1.7046141624450684,19937,10400,7980,90200,nvidia/Kumo-Tabular@v1.0.0/medium/classifier.pt
KumoTabular,D,medium; estimators=1; context=60000; sampling=uniform,medium,1,uniform,202610,202611,0.1628978448641134,0.5814489224320567,0.1901085712722631,60000,60000,9500,256,27.031882960000075,1.7045202255249023,20784,9500,7889,100600,nvidia/Kumo-Tabular@v1.0.0/medium/classifier.pt
KumoTabular,D,large; estimators=1; context=60000; sampling=uniform,large,1,uniform,202608,202609,0.2138137833536184,0.6069068916768092,0.2062853251784124,60000,60000,9900,256,59.00342433999981,2.755444526672364,19238,9900,8132,80300,nvidia/Kumo-Tabular@v1.0.0/large/classifier.pt
KumoTabular,D,large; estimators=1; context=60000; sampling=uniform,large,1,uniform,202609,202610,0.1750745195512637,0.5875372597756319,0.2157925191765744,60000,60000,10400,256,46.71544315700021,2.7554969787597656,19937,10400,7980,90200,nvidia/Kumo-Tabular@v1.0.0/large/classifier.pt
KumoTabular,D,large; estimators=1; context=60000; sampling=uniform,large,1,uniform,202610,202611,0.1926668602910453,0.5963334301455226,0.2079368512400154,60000,60000,9500,256,46.63265547699984,2.7554030418396,20784,9500,7889,100600,nvidia/Kumo-Tabular@v1.0.0/large/classifier.pt
