model,variant,config,gini_sep,gini_oct,gini_nov,mean_gini,std_gini,delta_vs_lgbm_d
LightGBM,D,existing rolling benchmark,,,,0.25104,,0.0
CatBoost,A,existing rolling benchmark,,,,0.24932,,-0.0017199999999999716
CatBoost,B AAAAMM,existing rolling benchmark,,,,0.24948,,-0.001559999999999978
LightGBM,B,existing rolling benchmark,,,,0.24869,,-0.002349999999999991
KumoTabular,A,small; E=1; context=60000; uniform,0.2393810055162544,0.2584777368464097,0.2440303388538696,0.24729636040551126,0.008131070427927439,-0.003743639594488729
KumoTabular,D,small; E=1; context=60000; uniform,0.2357971151834674,0.2508709586342965,0.240215524795774,0.2422945328711793,0.006327026422589892,-0.008745467128820683
KumoTabular,D,small; E=1; context=8192; uniform,0.2206515288157187,0.2294022974597529,0.2167387844199444,0.22226420356513868,0.005294127596555299,-0.028775796434861306
KumoTabular,D,small; E=1; context=8192; recency-aware,0.2235787241974876,0.2465553789083201,0.2118495533406283,0.22732788548214533,0.014414477440812644,-0.023712114517854654
KumoTabular,D,small; E=1; context=8192; balanced-by-month,0.2189349407029437,0.2449470674504874,0.1950300087613736,0.21963733897160154,0.020384605458351284,-0.03140266102839845
KumoTabular,D,small; E=4; context=8192; uniform,0.2320167733156033,0.2481239867525777,0.2132738046130016,0.2311381882270609,0.014241084523513046,-0.019901811772939093
KumoTabular,D,small; E=8; context=8192; uniform,0.2321172775158939,0.2514303804488482,0.2172000001034502,0.23358255268939743,0.014012851438309921,-0.01745744731060256
KumoTabular,D,medium; E=1; context=60000; uniform,0.1980171559235326,0.1765191848981178,0.1628978448641134,0.1791447285619213,0.01445710003124105,-0.0718952714380787
KumoTabular,D,large; E=1; context=60000; uniform,0.2138137833536184,0.1750745195512637,0.1926668602910453,0.19385172106530912,0.015837414799095183,-0.05718827893469086
