config,month,pearson,spearman
small; E=1; context=32768; uniform,202609,0.9322719422357644,0.7853439099775157
small; E=1; context=32768; uniform,202610,0.9485275168320859,0.8268637663717368
small; E=1; context=32768; uniform,202611,0.9277468083788426,0.7771326339789543
small; E=8; context=8192; uniform,202609,0.9083905607467581,0.7592285304495774
small; E=8; context=8192; uniform,202610,0.9256037626747026,0.786623097747685
small; E=8; context=8192; uniform,202611,0.9258647773063804,0.7716803342440074
large; E=1; context=8192; uniform,202609,0.906267941304279,0.7653598756876215
large; E=1; context=8192; uniform,202610,0.8774439850660292,0.7909844193545008
large; E=1; context=8192; uniform,202611,0.9045475625631703,0.7514722683780538
small; E=4; context=8192; uniform,202609,0.8961363315922352,0.7422566658933365
small; E=4; context=8192; uniform,202610,0.9115764921201881,0.8048308879443775
small; E=4; context=8192; uniform,202611,0.9140924524068839,0.7463472770139242
small; E=1; context=8192; recency-aware,202609,0.857673696313482,0.753879832317381
small; E=1; context=8192; recency-aware,202610,0.9063497167879754,0.7608677918036424
small; E=1; context=8192; recency-aware,202611,0.836371362492573,0.7963222297740501
medium; E=1; context=8192; uniform,202609,0.881977888628191,0.724023929966494
medium; E=1; context=8192; uniform,202610,0.8420906628762059,0.7902238097806953
medium; E=1; context=8192; uniform,202611,0.8737462214224914,0.6939548438462556
small; E=1; context=8192; uniform,202609,0.9055951856247966,0.7528440042239819
small; E=1; context=8192; uniform,202610,0.8285255858074275,0.7663981348832573
small; E=1; context=8192; uniform,202611,0.8806807968889958,0.707985598437224
small; E=1; context=8192; balanced-by-month,202609,0.870785328948267,0.7147209190405963
small; E=1; context=8192; balanced-by-month,202610,0.8941351642988564,0.7566664107154563
small; E=1; context=8192; balanced-by-month,202611,0.828342840596811,0.6733495881496793
