kumo_config,method,weight_lgbm,weight_kumo,gini_sep,gini_oct,gini_nov,mean_gini,std_gini
small; E=1; context=32768; uniform,probability,0.75,0.25,0.2434762774223096,0.26834601048007345,0.24379628267055797,0.251872856857647,0.01164901121814702
small; E=1; context=32768; uniform,rank,0.75,0.25,0.24320497515200312,0.2678655757486126,0.2430892002339009,0.2513865837115055,0.011652502874981938
small; E=1; context=32768; uniform,probability,0.5,0.5,0.24175226330649036,0.2667666889623115,0.24263832957507203,0.25038576061462464,0.01158871256890709
small; E=1; context=32768; uniform,rank,0.5,0.5,0.24109328992271983,0.2655640265934385,0.24173960555627838,0.24946564069081223,0.01138633545020674
small; E=1; context=32768; uniform,probability,0.25,0.75,0.23831706180738266,0.26274394964545444,0.23875101413570032,0.24660400852951248,0.011414036769853999
small; E=1; context=32768; uniform,rank,0.25,0.75,0.2364910245361047,0.26130201523498386,0.23680347703176086,0.2448655056009498,0.01162306739068998
small; E=8; context=8192; uniform,probability,0.75,0.25,0.2430931631743496,0.2681282358094945,0.24016966185304045,0.2504636869456282,0.012547614113630395
small; E=8; context=8192; uniform,rank,0.75,0.25,0.24398183633409953,0.26783455511225696,0.23947016576781333,0.2504288524047233,0.012444748768910722
small; E=8; context=8192; uniform,probability,0.5,0.5,0.24147902014902467,0.2653608869409143,0.23524215418242034,0.24736068709078643,0.012980241914919624
small; E=8; context=8192; uniform,rank,0.5,0.5,0.24242009726207492,0.2650881434226169,0.23419653081321634,0.24723492383263604,0.013062920770403398
small; E=8; context=8192; uniform,probability,0.25,0.75,0.23878625018153632,0.2597148510281204,0.22760011203661734,0.24203373774875803,0.013310365553395763
small; E=8; context=8192; uniform,rank,0.25,0.75,0.2382306501355962,0.2591125745195513,0.22601378871097455,0.24111900445537401,0.01366600035386956
large; E=1; context=8192; uniform,probability,0.75,0.25,0.2405192092555677,0.2660964191401949,0.24238280746555607,0.2496661452871062,0.011642842543459476
large; E=1; context=8192; uniform,rank,0.75,0.25,0.2436289324167058,0.26517378278664205,0.24228521939943848,0.25036264486759546,0.010487412963832998
large; E=1; context=8192; uniform,probability,0.5,0.5,0.23864110557658225,0.2610073542016087,0.24014552346212792,0.24659799441343963,0.010207450070814795
large; E=1; context=8192; uniform,rank,0.5,0.5,0.2418496452100467,0.25958887783443174,0.23958352999656296,0.24700735101368046,0.008944455727661999
large; E=1; context=8192; uniform,probability,0.25,0.75,0.236454653998468,0.25150103467476925,0.23470386806507282,0.24088651891277002,0.0075395522189071335
large; E=1; context=8192; uniform,rank,0.25,0.75,0.23744661610965023,0.2506469518268424,0.23233020215298916,0.24014125669649392,0.007716719750984416
small; E=4; context=8192; uniform,probability,0.75,0.25,0.24418681089539773,0.26683923383649777,0.2383147989284966,0.2497802812201307,0.01229840177720802
small; E=4; context=8192; uniform,rank,0.75,0.25,0.2445300103769954,0.2666569613389038,0.23892575884419864,0.250037576853366,0.011972325430461598
small; E=4; context=8192; uniform,probability,0.5,0.5,0.24288894809063533,0.2632971393231309,0.23332832461721886,0.24650480401032837,0.012499020608119853
small; E=4; context=8192; uniform,rank,0.5,0.5,0.2427293734115843,0.2628162844476114,0.23255486160555305,0.2460335064882496,0.012573156581853208
small; E=4; context=8192; uniform,probability,0.25,0.75,0.23955247867745588,0.256907588473936,0.2251126508530894,0.2405242393348271,0.012998403842005443
small; E=4; context=8192; uniform,rank,0.25,0.75,0.23841292475577092,0.25654220319063015,0.22323313228639963,0.2393960867442669,0.013616130305572178
small; E=1; context=8192; recency-aware,probability,0.75,0.25,0.24617090389055885,0.26916094990650397,0.23870859953452572,0.2513468177771962,0.012959654682021038
small; E=1; context=8192; recency-aware,rank,0.75,0.25,0.24249570747488813,0.2677704131192502,0.23877653186323622,0.24968088415245818,0.012881028957032956
small; E=1; context=8192; recency-aware,probability,0.5,0.5,0.24412335232392968,0.2668080031281126,0.23218399247089105,0.2477051159743111,0.014360299477685995
small; E=1; context=8192; recency-aware,rank,0.5,0.5,0.23887156483014582,0.2643133277538201,0.23194338443861717,0.2450427590075277,0.01391680125456461
small; E=1; context=8192; recency-aware,probability,0.25,0.75,0.23569416377762797,0.26044730217096834,0.22281088286250972,0.23965078293703534,0.015617642608494011
small; E=1; context=8192; recency-aware,rank,0.25,0.75,0.23193998169321484,0.2567159327590245,0.2236627956446413,0.23743957003229355,0.01404306643151824
medium; E=1; context=8192; uniform,probability,0.75,0.25,0.2398277471084791,0.26496749205367554,0.24025069787967523,0.24834864568060996,0.011752567461832333
medium; E=1; context=8192; uniform,rank,0.75,0.25,0.2449051079171234,0.2641951972492329,0.24047492628954403,0.2498584104853001,0.010297709076915906
medium; E=1; context=8192; uniform,probability,0.5,0.5,0.2390043046345598,0.2588129417814782,0.23460645241603295,0.24414123294402365,0.010528676909351956
medium; E=1; context=8192; uniform,rank,0.5,0.5,0.24317265516148145,0.2567591375730911,0.23450515738273991,0.24481231670577083,0.009158830932056841
medium; E=1; context=8192; uniform,probability,0.25,0.75,0.23789698631699863,0.24788275403870497,0.2255230034986011,0.23710091461810157,0.00914566960064552
medium; E=1; context=8192; uniform,rank,0.25,0.75,0.23886852691980942,0.24513690254114318,0.22483669731983702,0.23628070892692987,0.00848713475325997
small; E=1; context=8192; uniform,probability,0.75,0.25,0.23974530159740914,0.26576527559769714,0.24103890255150562,0.24884982658220398,0.011972681749269083
small; E=1; context=8192; uniform,rank,0.75,0.25,0.2410880579660295,0.2641345564567179,0.24137847798652023,0.24886703080308922,0.010796421957767092
small; E=1; context=8192; uniform,probability,0.5,0.5,0.23554184632882458,0.25873990673922265,0.23684485713046755,0.2437088700661716,0.010641851558422651
small; E=1; context=8192; uniform,rank,0.5,0.5,0.235782938268565,0.2566402368043956,0.2374016780836945,0.24327495105221839,0.00947376120574736
small; E=1; context=8192; uniform,probability,0.25,0.75,0.2291919386348864,0.24727305498509322,0.22906815724678897,0.23517771695558953,0.008552844828631717
small; E=1; context=8192; uniform,rank,0.25,0.75,0.22830655654466736,0.24488292545748092,0.22860616568643266,0.23393188256286032,0.00774452265666183
small; E=1; context=8192; balanced-by-month,probability,0.75,0.25,0.2443059644896972,0.2690511522590864,0.2366221804743005,0.24999309907436137,0.0138363573624629
small; E=1; context=8192; balanced-by-month,rank,0.75,0.25,0.24250051749958712,0.2678532515228822,0.23755849141608643,0.2493040868128519,0.013270507125009073
small; E=1; context=8192; balanced-by-month,probability,0.5,0.5,0.24064275094257503,0.26713515530205,0.22853650918694224,0.2454381384771891,0.016118533363495575
small; E=1; context=8192; balanced-by-month,rank,0.5,0.5,0.2376164015428872,0.2637620987484188,0.2273690731521696,0.24291585781449188,0.015322668514182956
small; E=1; context=8192; balanced-by-month,probability,0.25,0.75,0.23212883845245136,0.2614154541309124,0.21465831374890865,0.2360675354440908,0.019290628893663425
small; E=1; context=8192; balanced-by-month,rank,0.25,0.75,0.2293541292922825,0.25556823923786975,0.21228016499279856,0.23240084450765028,0.017803112053128317
