model,variant,config,model_size,estimators,sampling,train_through,valid_month,gini,roc_auc,pr_auc,context_rows_per_estimator,estimator_context_rows,query_rows,batch_size,elapsed_seconds,vram_peak_gib,checkpoint,context_unique_clients,query_unique_clients,context_query_client_overlap
KumoTabular,A,small; estimators=1; context=32768; sampling=uniform,small,1,uniform,202608,202609,0.2327873055178324,0.6163936527589162,0.2247924861113287,32768,32768,9900,256,78.54579681699397,1.3725285530090332,nvidia/Kumo-Tabular@v1.0.0/small/classifier.pt,15678.0,9900.0,7058.0
KumoTabular,A,small; estimators=1; context=32768; sampling=uniform,small,1,uniform,202609,202610,0.2563228879918346,0.6281614439959173,0.2509817936843361,32768,32768,10400,256,77.43718376301695,1.3726911544799805,nvidia/Kumo-Tabular@v1.0.0/small/classifier.pt,16026.0,10400.0,6830.0
KumoTabular,A,small; estimators=1; context=32768; sampling=uniform,small,1,uniform,202610,202611,0.232574258526822,0.616287129263411,0.2251467393949377,32768,32768,9500,256,75.50279632699676,1.3726177215576172,nvidia/Kumo-Tabular@v1.0.0/small/classifier.pt,16482.0,9500.0,6662.0
KumoTabular,D,small; estimators=1; context=32768; sampling=uniform,small,1,uniform,202608,202609,0.2315161932013085,0.6157580966006543,0.2216845484780345,32768,32768,9900,256,78.4425737579877,1.3758625984191897,nvidia/Kumo-Tabular@v1.0.0/small/classifier.pt,15678.0,9900.0,7058.0
KumoTabular,D,small; estimators=1; context=32768; sampling=uniform,small,1,uniform,202609,202610,0.2552653853953444,0.6276326926976722,0.251211807894148,32768,32768,10400,256,79.62598417699337,1.3759150505065918,nvidia/Kumo-Tabular@v1.0.0/small/classifier.pt,16026.0,10400.0,6830.0
KumoTabular,D,small; estimators=1; context=32768; sampling=uniform,small,1,uniform,202610,202611,0.2302472314343229,0.6151236157171615,0.2264390132215303,32768,32768,9500,256,77.71411582900328,1.3758211135864258,nvidia/Kumo-Tabular@v1.0.0/small/classifier.pt,16482.0,9500.0,6662.0
KumoTabular,D,small; estimators=1; context=8192; sampling=uniform,small,1,uniform,202608,202609,0.2206604737739308,0.6103302368869654,0.2156795897047793,8192,8192,9900,256,15.21300579700619,0.4583082199096679,nvidia/Kumo-Tabular@v1.0.0/small/classifier.pt,6616.0,9900.0,3276.0
KumoTabular,D,small; estimators=1; context=8192; sampling=uniform,small,1,uniform,202609,202610,0.2293359146984319,0.614667957349216,0.2403321724511587,8192,8192,10400,256,15.672361434000775,0.4583654403686523,nvidia/Kumo-Tabular@v1.0.0/small/classifier.pt,6684.0,10400.0,3134.0
KumoTabular,D,small; estimators=1; context=8192; sampling=uniform,small,1,uniform,202610,202611,0.2168380966568412,0.6084190483284206,0.223693926409633,8192,8192,9500,256,14.769029378017876,0.4582643508911133,nvidia/Kumo-Tabular@v1.0.0/small/classifier.pt,6678.0,9500.0,3001.0
KumoTabular,D,small; estimators=1; context=8192; sampling=recency-aware,small,1,recency-aware,202608,202609,0.2236248835573187,0.6118124417786593,0.2124411227932686,8192,8192,9900,256,15.137099159008358,0.4583082199096679,nvidia/Kumo-Tabular@v1.0.0/small/classifier.pt,6506.0,9900.0,3569.0
KumoTabular,D,small; estimators=1; context=8192; sampling=recency-aware,small,1,recency-aware,202609,202610,0.2465339515613114,0.6232669757806557,0.247458617534442,8192,8192,10400,256,15.609995481994702,0.4583654403686523,nvidia/Kumo-Tabular@v1.0.0/small/classifier.pt,6540.0,10400.0,3379.0
KumoTabular,D,small; estimators=1; context=8192; sampling=recency-aware,small,1,recency-aware,202610,202611,0.2118072249479925,0.6059036124739963,0.2138531479496979,8192,8192,9500,256,14.867460358014796,0.4582643508911133,nvidia/Kumo-Tabular@v1.0.0/small/classifier.pt,6661.0,9500.0,3243.0
KumoTabular,D,small; estimators=1; context=8192; sampling=balanced-by-month,small,1,balanced-by-month,202608,202609,0.2190437991566591,0.6095218995783296,0.2226177092307021,8192,8192,9900,256,15.212013300013496,0.4583082199096679,nvidia/Kumo-Tabular@v1.0.0/small/classifier.pt,6536.0,9900.0,3329.0
KumoTabular,D,small; estimators=1; context=8192; sampling=balanced-by-month,small,1,balanced-by-month,202609,202610,0.2451047615206301,0.622552380760315,0.2457749391557987,8192,8192,10400,256,15.666807494009843,0.4583654403686523,nvidia/Kumo-Tabular@v1.0.0/small/classifier.pt,6586.0,10400.0,3179.0
KumoTabular,D,small; estimators=1; context=8192; sampling=balanced-by-month,small,1,balanced-by-month,202610,202611,0.1950535436925133,0.5975267718462567,0.2179213054396759,8192,8192,9500,256,15.166768077004235,0.4582643508911133,nvidia/Kumo-Tabular@v1.0.0/small/classifier.pt,6645.0,9500.0,2971.0
KumoTabular,D,small; estimators=4; context=8192; sampling=uniform,small,4,uniform,202608,202609,0.2319762678444532,0.6159881339222266,0.2189930145791716,8192,32768,9900,256,62.50744189400575,0.5740251541137695,nvidia/Kumo-Tabular@v1.0.0/small/classifier.pt,14582.0,9900.0,6631.0
KumoTabular,D,small; estimators=4; context=8192; sampling=uniform,small,4,uniform,202609,202610,0.2481582985173955,0.6240791492586978,0.2464916893654193,8192,32768,10400,256,61.27422103402205,0.5744633674621582,nvidia/Kumo-Tabular@v1.0.0/small/classifier.pt,15035.0,10400.0,6496.0
KumoTabular,D,small; estimators=4; context=8192; sampling=uniform,small,4,uniform,202610,202611,0.2132842358462174,0.6066421179231087,0.2222451279211379,8192,32768,9500,256,57.97352933700313,0.575047492980957,nvidia/Kumo-Tabular@v1.0.0/small/classifier.pt,15462.0,9500.0,6335.0
KumoTabular,D,small; estimators=8; context=8192; sampling=uniform,small,8,uniform,202608,202609,0.2321306105668141,0.6160653052834071,0.2214656423578694,8192,65536,9900,256,117.17865262299892,0.5830163955688477,nvidia/Kumo-Tabular@v1.0.0/small/classifier.pt,17765.0,9900.0,7710.0
KumoTabular,D,small; estimators=8; context=8192; sampling=uniform,small,8,uniform,202609,202610,0.2514632217094599,0.62573161085473,0.2485025717758455,8192,65536,10400,256,140.67931135799154,0.5831103324890137,nvidia/Kumo-Tabular@v1.0.0/small/classifier.pt,18522.0,10400.0,7570.0
KumoTabular,D,small; estimators=8; context=8192; sampling=uniform,small,8,uniform,202610,202611,0.2172298282579348,0.6086149141289674,0.2260196772722402,8192,65536,9500,256,114.77521611499832,0.5830478668212891,nvidia/Kumo-Tabular@v1.0.0/small/classifier.pt,19479.0,9500.0,7498.0
KumoTabular,D,medium; estimators=1; context=8192; sampling=uniform,medium,1,uniform,202608,202609,0.2313491925192132,0.6156745962596066,0.2168231715668592,8192,8192,9900,256,57.55430882400833,0.5317001342773438,nvidia/Kumo-Tabular@v1.0.0/medium/classifier.pt,6616.0,9900.0,3276.0
KumoTabular,D,medium; estimators=1; context=8192; sampling=uniform,medium,1,uniform,202609,202610,0.2302196877265276,0.6151098438632638,0.2380937465108626,8192,8192,10400,256,44.69014152997988,0.5321187973022461,nvidia/Kumo-Tabular@v1.0.0/medium/classifier.pt,6684.0,10400.0,3134.0
KumoTabular,D,medium; estimators=1; context=8192; sampling=uniform,medium,1,uniform,202610,202611,0.2119689521671057,0.6059844760835529,0.2242254289270325,8192,8192,9500,256,42.50495588997728,0.5320248603820801,nvidia/Kumo-Tabular@v1.0.0/medium/classifier.pt,6678.0,9500.0,3001.0
KumoTabular,D,large; estimators=1; context=8192; sampling=uniform,large,1,uniform,202608,202609,0.2322482452059455,0.6161241226029728,0.2171414495004248,8192,8192,9900,256,90.22198676000698,1.308293342590332,nvidia/Kumo-Tabular@v1.0.0/large/classifier.pt,6616.0,9900.0,3276.0
KumoTabular,D,large; estimators=1; context=8192; sampling=uniform,large,1,uniform,202609,202610,0.2380108391565298,0.6190054195782649,0.2423520592072323,8192,8192,10400,256,72.62871698997333,1.3083457946777344,nvidia/Kumo-Tabular@v1.0.0/large/classifier.pt,6684.0,10400.0,3134.0
KumoTabular,D,large; estimators=1; context=8192; sampling=uniform,large,1,uniform,202610,202611,0.2243336704949292,0.6121668352474646,0.2242038616449403,8192,8192,9500,256,69.20173260199954,1.3082518577575684,nvidia/Kumo-Tabular@v1.0.0/large/classifier.pt,6678.0,9500.0,3001.0
