model,variant,features,month_encoding,gini_sep,gini_oct,gini_nov,mean_gini,std_gini,frozen_gini_oct,frozen_gini_nov,frozen_mean_gini,frozen_std_gini,frozen_pooled_secondary
catboost,A,base,none,0.2471285207376619,0.2650774297491123,0.23574699138664612,0.24931764729114012,0.012073741754567071,0.2650774297491123,0.23614268858053222,0.25061005916482226,0.01446737058429004,0.2513766538862918
catboost,B_absolute,base_month,absolute,0.24633478227591987,0.2675555794570843,0.23456248606115682,0.24948428259805366,0.013652241993348909,0.2675555794570843,0.23045102842045528,0.2490033039387698,0.01855227551831451,0.2500919725605364
catboost,B_month_index,base_month,month_index,0.2441940681256456,0.2617133362687398,0.2337302288259111,0.24654587774009884,0.01154445990901264,0.2617133362687398,0.23601130676713766,0.24886232151793874,0.012851014750801082,0.24962419236005107
catboost,C,history,none,0.22701029708147114,0.2651968907098865,0.23371712512798748,0.24197477097311504,0.016647232390863003,0.2651968907098865,0.2365385581914965,0.2508677244506915,0.014329166259195003,0.25166106037423064
catboost,D_absolute,base_history_month,absolute,0.2409126186441113,0.26499088007295923,0.2389067067570858,0.24827006849138544,0.011851724926060249,0.26499088007295923,0.23266986379654298,0.2488303719347511,0.01616050813820813,0.25011779247802046
catboost,D_month_index,base_history_month,month_index,0.2312842993789752,0.2654358126314351,0.2384041109748729,0.24504140766176108,0.014711033157476709,0.2654358126314351,0.2287015123305367,0.2470686624809859,0.018367150150449207,0.24808127311989114
lightgbm,A,base,none,0.23931434026165332,0.2628960417948105,0.23509335824415278,0.24576791343353888,0.012233390322342216,0.2628960417948105,0.23402161368764007,0.2484588277412253,0.014437214053585223,0.24938869456802193
lightgbm,B_absolute,base_month,absolute,0.24193394722187733,0.27044540031886144,0.2336841934660998,0.24868784700227953,0.01574924239449144,0.27044540031886144,0.2245666921757734,0.24750604624731742,0.022939354071544016,0.24886162346924734
lightgbm,B_month_index,base_month,month_index,0.24193394722187733,0.27044540031886144,0.2336841934660998,0.24868784700227953,0.01574924239449144,0.27044540031886144,0.2245666921757734,0.24750604624731742,0.022939354071544016,0.24886162346924734
lightgbm,C,history,none,0.23866642149605077,0.26411670033421064,0.23158234307739844,0.2447884883025533,0.013969750105518043,0.26411670033421064,0.23069249853811868,0.24740459943616466,0.01671210089804598,0.2485542250517856
lightgbm,D_absolute,base_history_month,absolute,0.24336741896859415,0.2677348409222553,0.24203064558385123,0.25104430182490023,0.011814604304018338,0.2677348409222553,0.2236150361140501,0.2456749385181527,0.022059902404102605,0.24708107576119698
lightgbm,D_month_index,base_history_month,month_index,0.24336741896859415,0.2677348409222553,0.24203064558385123,0.25104430182490023,0.011814604304018338,0.2677348409222553,0.2236150361140501,0.2456749385181527,0.022059902404102605,0.24708107576119698
