pair,month,delta_gini,ci95_low,ci95_high,p_two_sided_centered_bootstrap,p_holm_three_rolling_pairs
LightGBM_D - LightGBM_B,202609,0.001433471746716819,-0.0064505885783633695,0.009293087633137697,,
LightGBM_D - LightGBM_B,202610,-0.002710559396606138,-0.010078906978310643,0.004452851801983773,,
LightGBM_D - LightGBM_B,202611,0.008346452117751424,-0.002288392795331434,0.01898791572031247,,
LightGBM_D - LightGBM_B,rolling_mean,0.0023564548226207016,-0.0030768451878173154,0.007664563370645895,0.36881559220389803,1.0
LightGBM_D - CatBoost_A,202609,-0.003761101769067743,-0.018929749598590617,0.011176744143826245,,
LightGBM_D - CatBoost_A,202610,0.0026574111731429984,-0.011559266009272378,0.01659982137782182,,
LightGBM_D - CatBoost_A,202611,0.006283654197205113,-0.010448258030263701,0.023933127514739905,,
LightGBM_D - CatBoost_A,rolling_mean,0.001726654533760123,-0.007125919073484789,0.01051631821870132,0.7361319340329835,1.0
LightGBM_B - CatBoost_A,202609,-0.005194573515784562,-0.020807975890194792,0.01012077444415261,,
LightGBM_B - CatBoost_A,202610,0.0053679705697491364,-0.0075668306617946825,0.018678557785780824,,
LightGBM_B - CatBoost_A,202611,-0.002062797920546311,-0.017869458591853137,0.015032206021479396,,
LightGBM_B - CatBoost_A,rolling_mean,-0.0006298002888605788,-0.009394616851816152,0.008269042861488291,0.8900549725137431,1.0
