candidate,hypothesis,description,gini_sep,gini_oct,gini_nov,mean_gini,std_gini,delta_sep,ci_low_sep,ci_high_sep,delta_oct,ci_low_oct,ci_high_oct,delta_nov,ci_low_nov,ci_high_nov,delta_mean,ci_low_mean,ci_high_mean,p_two_sided,p_holm
H4b2_rank_lgbm_catboost,H4 ensembles,rank-average B0_lgbm_D + H1b_catboost,0.24715375227073255,0.2680367144286433,0.24216142393747342,0.2524506302122831,0.011207894582134805,0.0037863333021384005,-0.003900213559409471,0.01162299540729213,0.00030187350638799515,-0.006446730729429894,0.007652292839328287,0.00013077835362218515,-0.008540635397192593,0.008877019293726909,0.0014063283873828603,-0.0032069959487478206,0.0059008960039478656,0.5612193903048476,1.0
B0_lgbm_D,baseline,LightGBM D (history + month),0.24336741896859415,0.2677348409222553,0.24203064558385123,0.25104430182490023,0.011814604304018338,,,,,,,,,,,,,,
H3b_lgbm_monotone,H3 robustness,"LightGBM D with monotone constraints (banda_riesgo_ord -, numero_productos +, dias_ultima_transaccion -)",0.251944874416584,0.26344559022397607,0.23635829613650428,0.25058292025902146,0.011100197133107515,0.008577455447989824,-0.006653581109230283,0.023519398488473217,-0.0042892506982792344,-0.01836364230168212,0.009382435588567281,-0.005672349447346958,-0.022327635467646063,0.011119252852695754,-0.0004613815658787897,-0.009347327968150179,0.008360843930936395,0.9120439780109945,1.0
H2c_B0_lgbm_D,H2 recency,B0_lgbm_D + train window = last 6 months,0.24369509135291745,0.26803160267592574,0.23978974082178617,0.25050547828354314,0.012494978134053262,0.0003276723843232965,-0.013302819300823754,0.013480539535058423,0.0002967617536704381,-0.012974982560900027,0.014028148764345643,-0.0022409047620650657,-0.017733940918482977,0.012686220092825617,-0.0005388235413571104,-0.00881111038187075,0.007446491135197199,0.887056471764118,1.0
H4b2bag_rank_bagged,H4 ensembles,rank-average of the two 5-seed bags,0.24529893923765833,0.2699717579163545,0.23506490942629155,0.25011186886010145,0.014651398944355588,0.0019315202690641797,-0.011039894556021213,0.014893415031510003,0.002236916994099225,-0.0087415350412892,0.014049523498501469,-0.006965736157559688,-0.021547285175926058,0.0075444498232022095,-0.0009324329647987609,-0.008208464918291657,0.006510633541484423,0.8130934532733634,1.0
H1b_catboost,H1 drift,CatBoost A: dias_ultima_interaccion -> within-month percentile rank,0.2477013356088409,0.2636443183638808,0.2381847964517254,0.2498434834748157,0.01050359976733867,0.004333916640246738,-0.011257873575344806,0.019757680778640624,-0.004090522558374499,-0.01716269597060969,0.010312462097358664,-0.0038458491321258226,-0.020898616566346194,0.013412499808514595,-0.0012008183500845278,-0.010096206112185804,0.007571975642584385,0.8015992003998001,1.0
H4a_bag5_lgbm,H4 ensembles,"B0_lgbm_D, 5 seeds averaged (subsample 0.8 / colsample 0.8)",0.24414546156026562,0.2717526785584241,0.23224882129219893,0.2493823204702962,0.016547048138771826,0.0007780425916714684,-0.011436070567132528,0.012886555588960345,0.004017837636168808,-0.006668343835569007,0.015195108449896553,-0.009781824291652308,-0.023432921290898995,0.003704230684982115,-0.0016619813546040103,-0.008613396087891101,0.005435228648005842,0.6421789105447276,1.0
H2b_B0_lgbm_D,H2 recency,"B0_lgbm_D + time-decay weights, half-life 6 months",0.24546796519331116,0.2682240286549451,0.23427739442277318,0.2493231294236765,0.014124215904031224,0.0021005462247170037,-0.010594009819060436,0.015206087080488928,0.0004891877326897998,-0.01039015953191188,0.011596097160561617,-0.007753251161078056,-0.018873451383146528,0.004236914201939418,-0.001721172401223751,-0.008557972879029865,0.005222483751442775,0.6136931534232883,1.0
B1_catboost_A,baseline,CatBoost A (base features),0.2471285207376619,0.2650774297491123,0.23574699138664612,0.24931764729114012,0.012073741754567071,0.003761101769067743,-0.01117674414382625,0.018929749598590617,-0.0026574111731429984,-0.016599821377821823,0.011559266009272377,-0.006283654197205113,-0.023933127514739916,0.0104482580302637,-0.001726654533760123,-0.01051631821870132,0.007125919073484789,0.7361319340329835,1.0
H1a_catboost,H1 drift,CatBoost A: drop dias_ultima_interaccion,0.24441853594493468,0.26415927493218905,0.23923585095888478,0.24927122061200283,0.01073795998616647,0.001051116976340527,-0.013931826723410689,0.015471251109746446,-0.003575565990066254,-0.016933216595250218,0.010697365121090395,-0.002794794624966457,-0.018766778228234342,0.014179786883120226,-0.0017730812128973945,-0.011046035558911923,0.007036279791049809,0.6941529235382309,1.0
H4a_bag5_catboost,H4 ensembles,"H1b_catboost, 5 seeds averaged",0.24500924073253794,0.26541984715719336,0.23651286804688265,0.24898065197887131,0.012130744434057136,0.0016418217639437849,-0.012727116304074287,0.01617941706784739,-0.0023149937650619457,-0.01518112553271947,0.011409864610681374,-0.005517777536968582,-0.022064863497139504,0.010924942874952062,-0.0020636498460289143,-0.010558982991551783,0.00629568646074382,0.655672163918041,1.0
H4b3_rank_lgbm_catboost_logistic,H4 ensembles,rank-average B0_lgbm_D + H1b_catboost + H3a_logistic,0.24189487631949724,0.26568999978712693,0.23224839024950383,0.246611088785376,0.014053879823360609,-0.0014725426490969085,-0.012496966575299745,0.009941016855330095,-0.0020448411351283724,-0.0123202151244589,0.00854263858580954,-0.0097822553343474,-0.02276842535886355,0.003056629114939582,-0.004433213039524227,-0.011167129255390193,0.0025113750092397,0.20339830084957522,1.0
H1b_lgbm,H1 drift,LightGBM D: dias_ultima_interaccion -> within-month percentile rank,0.24173614550442868,0.2633592506198523,0.23213502602075442,0.24574347404834515,0.013058383309784649,-0.0016312734641654725,-0.010407855970298713,0.007031262416807073,-0.004375590302402976,-0.01073418589112395,0.0016078554630733098,-0.009895619563096814,-0.018982319969046414,-0.0007555126585560912,-0.005300827776555088,-0.009956074059066282,-0.0005730911124243664,0.02498750624687656,0.34982508745627183
H1a_lgbm,H1 drift,LightGBM D: drop dias_ultima_interaccion,0.240829244882661,0.26735951222955334,0.22780054688972973,0.245329768000648,0.016460436728531706,-0.0025381740859331536,-0.01208659840855612,0.006969259334209659,-0.00037532869270195945,-0.007894980564318532,0.007100599871015993,-0.014230098694121507,-0.024212128855680727,-0.004101336558139877,-0.005714533824252206,-0.010808367989463198,-0.0006913089036908613,0.030484757621189407,0.3963018490754623
H2a_B0_lgbm_D,H2 recency,"B0_lgbm_D + time-decay weights, half-life 3 months",0.24649579152374068,0.25813209833387685,0.228217537592742,0.24428180915011985,0.012312501087561089,0.0031283725551465302,-0.012566612376287183,0.017871536819601828,-0.009602742588378455,-0.022167893573532327,0.0030043139490246486,-0.013813107991109241,-0.02965804607798269,0.0014375838818415356,-0.006762492674780389,-0.01534666452837081,0.001677117393532207,0.12593703148425786,1.0
H1c_catboost,H1 drift,CatBoost A: drop both dias_ultima_* columns,0.2264400138022391,0.24801215840887503,0.21263810284661444,0.22903009168590951,0.014557067683501916,-0.016927405166355047,-0.04061519296252316,0.007034367120502098,-0.019722682513380274,-0.04234957926953094,0.0020442002387148156,-0.029392542737236793,-0.05419478577225546,-0.005049005613282054,-0.022014210138990704,-0.03559266528534167,-0.008564403864857382,0.0029985007496251873,0.04497751124437781
H1c_lgbm,H1 drift,LightGBM D: drop both dias_ultima_* columns,0.22028900484892677,0.24880994195289685,0.20679833641658174,0.22529909440613513,0.017513223536576996,-0.02307841411966738,-0.04506881236923497,0.00022839399957920345,-0.01892489896935845,-0.04034380187864343,0.001783741192646588,-0.03523230916726949,-0.05936267695365801,-0.0117969098029154,-0.02574520741876511,-0.03848282051397671,-0.012638379274054291,0.0004997501249375312,0.00849575212393803
H3a_logistic,H3 robustness,"Logistic C=0.1, 10 quantile bins + one-hot (features A)",0.2110445593093344,0.23626885186392688,0.19050785364100475,0.21260708827142202,0.01871449281809141,-0.03232285965925974,-0.05461858956498518,-0.010554604138139904,-0.031465989058328425,-0.05240715953767123,-0.011047615423200412,-0.05152279194284648,-0.07601308821823366,-0.027597573360064798,-0.03843721355347821,-0.05141341679945398,-0.025134291735289218,0.0004997501249375312,0.00849575212393803
