trial,value,num_leaves,max_depth,learning_rate,min_child_samples,reg_lambda,subsample,colsample_bytree,iterations
0,0.23766627528799988,22,10,0.08960785365368121,59,0.004688574837063985,0.5779972601681014,0.5290418060840998,267
1,0.2588490651804967,41,8,0.010636066512540286,183,3.8050535027531818,0.6061695553391381,0.5909124836035503,34
2,0.2566392056453543,18,7,0.03647316284911211,23,0.42815168066077464,0.569746930326021,0.6460723242676091,59
3,0.2572099945974103,27,9,0.018187859051288217,46,0.35317733939252866,0.5232252063599989,0.8037724259507192,33
4,0.24875283322446573,9,10,0.18043311207136256,112,0.020424571704363285,0.5488360570031919,0.8421165132560784,74
5,0.25676241867236843,11,6,0.011085122517311707,152,0.01297240393071079,0.831261142176991,0.6558555380447055,94
6,0.2155446582159163,35,4,0.18258230439200238,101,10.985330528057915,0.9474136752138245,0.7989499894055425,316
7,0.25048692916447823,10,4,0.011450964268326641,26,0.0469583341176048,0.6356745158869479,0.9143687545759647,57
8,0.25556260859820484,17,7,0.015252697030515175,110,0.002092399245066083,0.9934434683002586,0.8861223846483287,36
9,0.25428166741087804,8,9,0.08310795711416077,88,2.076141242887665,0.5370223258670452,0.6792328642721364,28
10,0.25012951119438537,47,8,0.013605704329865964,35,4.031117664886885,0.7466641166405668,0.5154547501273098,29
11,0.25607922967955266,38,9,0.02334049619493988,62,0.20360608630173094,0.6696309408796742,0.6999469644714297,53
12,0.25525735946883993,22,8,0.015360107026249898,157,0.8831922941323561,0.6623739434479887,0.9476038082584255,32
13,0.25660815012335386,118,6,0.01579132378149721,94,1.7098930149314455,0.6544944529335769,0.6129193861506163,34
14,0.25483618530576174,99,8,0.011923314140642712,34,9.97458325662236,0.5144598501579339,0.6467909471630775,53
15,0.2558187137678843,12,10,0.011377481111745058,199,1.6540416294360858,0.6947622431399662,0.6888398876816669,42
16,0.25715578757241514,38,9,0.02872484853406619,43,2.336794053008376,0.5695032560596733,0.6432724428853465,103
17,0.25415251319476345,28,8,0.011464341431749835,139,17.40120481524809,0.5342463466920702,0.7476444043749453,29
18,0.25346723610651495,33,8,0.01480714359026881,31,4.900448161448238,0.5255939613184986,0.7987099054749585,23
19,0.2571931881349365,16,8,0.015331133597343831,67,4.378299501707651,0.6559578039115421,0.6209101709394472,37
20,0.25633013994835846,56,8,0.010353501084398049,35,0.8762871410738579,0.6174760904189407,0.6978092486388029,31
21,0.2506564635794705,22,7,0.011784117544721731,100,4.706886271919173,0.6526207508826302,0.5114974551454382,41
22,0.25847701612181595,20,9,0.02442040264307309,144,2.513922446270375,0.6799891975647278,0.6339517889687666,38
23,0.25540242077509134,54,9,0.0181246766913443,141,10.11376930253233,0.5926526146990536,0.5843623344281247,32
24,0.2545629054013199,33,8,0.011764302251544477,102,0.40160860853929914,0.600858508189583,0.5045902944827246,37
25,0.257800121257838,51,8,0.01004347837276229,146,1.256640344517138,0.6460431443947411,0.6568505874526238,41
26,0.2503015429430002,31,8,0.011762613405619392,192,0.8972072076257972,0.5173372573065587,0.6494829387330122,22
27,0.2578197685869698,37,8,0.012487942464097204,110,5.290089679718556,0.5867449378647905,0.6188469972429177,50
28,0.2349725709699094,62,7,0.012010426230821034,151,6.756301728534099,0.6349558780497655,0.5740506662462829,21
29,0.25345731485005046,47,8,0.014025857770246107,104,1.803158576086922,0.6297256742879421,0.50698948694365,58
30,0.25384204581310454,29,9,0.022021463748852905,145,2.961249447514798,0.596700632091777,0.6627079596588025,25
31,0.25451509183006066,58,7,0.014183081484256484,139,8.67345591450083,0.6629003296795349,0.5558389629148737,45
32,0.257133620581117,26,7,0.012794546392061538,115,6.943909861739349,0.5771114590877491,0.5686518563843753,65
33,0.25816206115657997,39,8,0.01602351651044349,110,1.6892567710351214,0.5926761778380512,0.6872011419398939,40
34,0.26002260440241765,46,8,0.01925425975759053,123,2.382016262315564,0.6703642486210911,0.5828803606495081,40
35,0.2574637967220865,55,8,0.015024548702887778,150,1.6210658040185115,0.6828078644862674,0.713725111801505,34
36,0.25483021911797166,49,8,0.021303475414963535,118,0.9059618462716116,0.5814636267346504,0.6153098508153158,27
37,0.25428390578990934,81,7,0.010597508846545898,170,8.590702031556496,0.5655857513564454,0.5562200475393757,41
38,0.25720599096318514,29,9,0.011571031978024665,188,9.355850779382578,0.6159013060126521,0.6216537951837171,36
39,0.2561890103899152,36,8,0.013438146745462903,167,1.1029431400318872,0.6858706848778755,0.5782538651842561,42
40,0.2541579662077475,38,7,0.015095502430358154,164,6.551221879315702,0.5887899641652815,0.5403250971287349,29
41,0.2607358216715292,29,8,0.012769876990392672,164,1.4717066948494213,0.6641231892897964,0.6565390411921224,50
42,0.259959668726424,35,10,0.02391431526516674,170,2.1017708631665855,0.6316263659235415,0.6027247652361967,46
43,0.25794670379966206,24,8,0.011163493943216592,188,2.456061561980238,0.5577863510705329,0.5938603068882687,33
44,0.24939052251551078,42,9,0.01966994721427101,139,4.206294355371152,0.5893592507941573,0.5310163790586359,42
45,0.2602495651986721,49,9,0.017419288267610963,148,1.1009353315759653,0.658483099427524,0.5970912318585021,48
46,0.25941350839784433,29,7,0.012913852195603346,141,6.387317067424539,0.6541949937219953,0.6114847108744819,54
47,0.25879678120029886,18,8,0.014319598775255135,163,0.8999553740294512,0.6686625987533864,0.6574346719048595,48
48,0.26012779247378903,30,9,0.021254813359272432,160,2.3232445719562462,0.6722416749981753,0.6612320186370022,53
49,0.2599764483135763,28,9,0.017683985388810306,185,6.335435056068715,0.6489013968829216,0.6113056683045884,34
50,0.25349392852796143,41,8,0.018673474581623092,196,8.586904284079342,0.662089010103151,0.5161598856644063,41
51,0.2585518823485519,32,9,0.03404963822839564,161,6.559034025768783,0.6261900483862423,0.5825791602148372,40
52,0.2577287611912573,49,9,0.022340530326240397,173,0.608894048143325,0.6515822178788927,0.66326480913021,59
53,0.2594451050518604,26,9,0.019811420876692402,179,7.581678031545757,0.671963438931677,0.6411559464450721,32
54,0.25497042704131534,29,10,0.030484701495560214,143,1.3933800012699369,0.5934803672490695,0.5815723005636694,46
55,0.2574871028522647,34,9,0.022914406301965364,186,1.5024332336178796,0.6410146042913223,0.5646060214089155,42
56,0.25896961475092667,31,9,0.021364713567525385,144,11.154999138168252,0.632518494454532,0.6301008392305559,53
57,0.2603498101508604,40,8,0.012199119473225927,177,0.6091686308480796,0.6625269279906347,0.6524230117340732,37
58,0.25692126753927197,60,9,0.01693853544544035,126,4.711777661390873,0.683554279058531,0.5915536986087875,32
59,0.2543903493736195,26,8,0.013576217483067216,137,2.003271229957464,0.6941946597728542,0.6226078630404123,32
