trial,value,depth,learning_rate,l2_leaf_reg,random_strength,iterations
0,0.25260055345176885,5,0.1785436060870726,8.960785365368121,1.5751320499779735,128
1,0.2524910241647886,4,0.022861967752626437,13.39433470675048,1.5930522616241019,312
2,0.24554535080255255,4,0.18661212048851336,12.10689693600216,0.26587543983272705,133
3,0.2579244220106122,4,0.04029695576831731,4.816414530907083,0.7309539835912913,159
4,0.25530148181224055,7,0.027575529238707534,2.399324290681271,0.5404103854647329,208
5,0.2544216220833486,7,0.031674063118237505,4.666963767236923,1.5304852121831465,107
6,0.2563176326759393,7,0.029617890239950373,1.2151617026673374,7.902619549708233,473
7,0.2542347601538358,8,0.040331443383617174,1.3399060561509786,2.3359635026261603,203
8,0.24784924045341464,4,0.06254706073560744,1.1085122517311703,6.586289317583113,151
9,0.2565735922947445,7,0.04099596104190036,4.749239763680407,1.2399967836846095,134
10,0.24362271338249863,5,0.14386532681339698,9.4750779023465,0.8942978834137313,318
11,0.2537907213962352,4,0.04211028488652945,6.527021184092901,1.944855364732695,101
12,0.2569437568189657,5,0.07020406315569204,3.8303757972368087,1.4734715439245762,148
13,0.2581895173089046,4,0.07869383395620627,2.377655354964219,0.9032087317924762,204
14,0.2523755725258345,5,0.10932669046972748,3.6634497858810504,0.3775208703112945,174
15,0.25320817967575177,4,0.10511971825582618,2.3105174902032775,0.9947527478909968,210
16,0.2576480271215149,5,0.03221275122142356,6.453459898177284,0.6589920977345737,176
17,0.25764451332668975,5,0.03414855650089952,1.6879731328756857,0.14536106762873516,196
18,0.2553116259286683,4,0.032538199552433734,10.206849374904415,0.47051074624310196,124
19,0.2600038591336733,4,0.04535681968651757,4.463096182766889,0.2890050299923581,233
20,0.25751011051179035,4,0.04247461522790489,2.904458283685043,0.28826262032745664,305
21,0.2579860097298388,5,0.04495389811302628,5.220749030170757,0.7652709367554927,288
22,0.255282362037005,4,0.05848503730868237,6.961012491829577,0.5855877793738455,255
23,0.25000196490118554,5,0.07491903127387334,4.071381488126799,1.811613302592783,269
24,0.2588921924331955,5,0.030261994562531234,9.637591875869324,0.23979456319386153,275
25,0.2587705386542433,5,0.03426540198485017,16.12908876762155,0.1818647780699468,229
26,0.2565678720204301,5,0.035071474313298115,13.278207572846426,0.17048307554727804,215
27,0.25736697975341527,4,0.031507361952151466,8.326509198998274,0.1530617460746805,243
28,0.2579948453973991,4,0.050318465569504756,9.134427621340327,0.1586318239083829,307
29,0.2587222413240268,4,0.025043353907992845,7.255176902017401,0.29121218238224655,276
30,0.25972892915647333,5,0.038823205855497936,18.95877551625254,0.3969998891927182,286
31,0.2584159895390154,5,0.03814329436126164,13.223478765811377,0.5666632527302823,378
32,0.2592632737546743,5,0.04940604103688272,18.314145264091476,0.5460479746501654,219
33,0.2593021727352656,4,0.05595302462906274,17.408629421728914,0.7403707473840703,245
34,0.2602571825210597,4,0.05362225400869414,19.539952831089575,0.290927818546996,308
35,0.2588632845154919,4,0.07159611730053925,13.310287333037857,0.33887499156444734,265
36,0.25789772113713133,5,0.05691898399249549,11.646974812430607,0.23581451785165367,276
37,0.2594619004609211,4,0.03170691359042179,17.519471544393916,0.3163286137092078,269
38,0.2596907589425184,5,0.04605832307851545,18.953898257598038,0.38257112803573845,300
39,0.25838015005631637,4,0.043586583275148444,12.565550651692401,0.3628181657092156,259
