candidate,hypothesis,description,gini_sep,gini_oct,gini_nov,mean_gini,std_gini,inner_mean_gini,delta_mean_b0,ci_low_mean_b0,ci_high_mean_b0,p_holm_b0,delta_sep_b0,delta_oct_b0,delta_nov_b0,delta_mean_h4,ci_low_mean_h4,ci_high_mean_h4,p_holm_h4,delta_sep_h4,delta_oct_h4,delta_nov_h4
E1_rank_inner_selected,E blend,rank-average B0_lgbm_D + cat_A_H1b+F1_calendar,0.24876308527135826,0.26896593303912053,0.24273065892031243,0.2534865590769304,0.011219203941343766,,0.0024422572520301777,-0.002191567646608069,0.007073974660871465,1.0,0.005395666302764113,0.001231092116865229,0.0007000133364611916,0.0010359288646473175,-0.0017287663142898924,0.003727451064970252,1.0,0.0016093330006257123,0.0009292186104772338,0.0005692349828390064
H4b2_rank_lgbm_catboost,baseline,rank-average B0_lgbm_D + H1b_catboost (round-1 champion),0.24715375227073255,0.2680367144286433,0.24216142393747342,0.2524506302122831,0.011207894582134805,,0.0014063283873828603,-0.0032069959487478206,0.0059008960039478656,1.0,0.0037863333021384005,0.00030187350638799515,0.00013077835362218515,,,,,,,
cat_A_H1b+F1_calendar,F1 calendar,catboost on A + F1 calendar,0.25068101933030795,0.26501608871649895,0.23796220600409712,0.2512197713503013,0.011051269391895935,0.2597642961134485,0.00017546952540111368,-0.008903837975052361,0.009170609940697686,1.0,0.007313600361713801,-0.0027187522057563474,-0.004068439579754113,-0.0012308588619817467,-0.007343515327717763,0.004617219079219374,1.0,0.0035272670595754008,-0.0030206257121443425,-0.004199217933376298
B0_lgbm_D,baseline,LightGBM D (history + month),0.24336741896859415,0.2677348409222553,0.24203064558385123,0.25104430182490023,0.011814604304018338,0.2629802592695333,,,,,,,,-0.0014063283873828603,-0.005900896003947866,0.00320699594874782,1.0,-0.0037863333021384005,-0.00030187350638799515,-0.00013077835362218515
E3_rank_tuned_plus_xgb,E blend,rank-average tuned_B0_lgbm_D + tuned_cat_A_H1b+F1_calendar + xgb_D,0.24692000194763786,0.27026060695691356,0.2347742142328746,0.25065160771247535,0.014725594007923932,,-0.00039269411242489244,-0.008017678553054084,0.0072517550672897635,1.0,0.003552582979043706,0.002525766034658261,-0.007256431350976644,-0.0017990224998077526,-0.006592936558500934,0.0029642279918264125,1.0,-0.00023375032309469468,0.002223892528270266,-0.007387209704598829
lgbm_D+F1_calendar,F1 calendar,lightgbm on D_absolute + F1 calendar,0.24532493024831292,0.269130839582276,0.23727865849858,0.2505781427763896,0.013523745569577424,0.2625046570271371,-0.0004661590485105875,-0.005041331041468504,0.00414964745821574,1.0,0.001957511279718771,0.0013959986600207142,-0.004751987085271248,-0.0018724874358934478,-0.00743005818944689,0.0038039238693169616,1.0,-0.0018288220224196294,0.001094125153632719,-0.004882765438893433
cat_A_H1b+UNION,G3 union,catboost on A + union of inner-fold helpers ['F1g_calendar_flags'],0.24744429463983497,0.26670212682524586,0.23596130581453334,0.2500359090932047,0.012682977258497633,0.2592016160253757,-0.0010083927316955066,-0.010245855197688494,0.008373778810788352,1.0,0.0040768756712408205,-0.0010327140970094462,-0.006069339769317894,-0.002414721119078367,-0.008616056526290883,0.003748484607653787,1.0,0.00029054236910242004,-0.0013345876033974413,-0.006200118122940079
cat_A_H1b+F1g_calendar_flags,F1 calendar+flags,catboost on A + F1 calendar+flags,0.24744429463983497,0.26670212682524586,0.23596130581453334,0.2500359090932047,0.012682977258497633,0.2592016160253757,-0.0010083927316955066,-0.010245855197688494,0.008373778810788352,1.0,0.0040768756712408205,-0.0010327140970094462,-0.006069339769317894,-0.002414721119078367,-0.008616056526290883,0.003748484607653787,1.0,0.00029054236910242004,-0.0013345876033974413,-0.006200118122940079
lgbm_D+F2_ratios,F2 ratios,lightgbm on D_absolute + F2 ratios,0.2412978425520269,0.2681514837807588,0.240609066776186,0.2500194643696572,0.012824357006903429,0.2610733287386989,-0.0010248374552429922,-0.007761231712594143,0.005679215617674703,1.0,-0.0020695764165672426,0.0004166428585035131,-0.001421578807665247,-0.0024311658426258522,-0.009150856743709048,0.004244995967673374,1.0,-0.005855909718705643,0.00011476935211551798,-0.001552357161287432
E2_rank_tuned,E blend,rank-average tuned_B0_lgbm_D + tuned_cat_A_H1b+F1_calendar,0.24769745383452202,0.2673180580157326,0.23500361515508184,0.25000637566844547,0.013292959148234383,,-0.001037926156454742,-0.009167615219449955,0.007253750210566449,1.0,0.004330034865927868,-0.0004167829065226947,-0.0070270304287693985,-0.002444254543837602,-0.0075881940808666445,0.0026668520159246908,1.0,0.0005437015637894671,-0.0007186564129106898,-0.007157808782391584
H1b_catboost,baseline,CatBoost A + within-month rank of dias_ultima_interaccion,0.2477013356088409,0.2636443183638808,0.2381847964517254,0.2498434834748157,0.01050359976733867,0.25776836650922996,-0.0012008183500845278,-0.010096206112185804,0.007571975642584385,1.0,0.004333916640246738,-0.004090522558374499,-0.0038458491321258226,-0.0026071467374673882,-0.007078127857782087,0.0020017061350695617,1.0,0.0005475833381083373,-0.004392396064762494,-0.003976627485748008
tuned_cat_A_H1b+F1_calendar,G2 optuna,"cat_A_H1b+F1_calendar with Optuna-tuned config (40 trials, inner folds <=Aug)",0.24597411480988884,0.26404835690061423,0.2380106552029999,0.24934437563783432,0.01089371289505327,0.2614610667350878,-0.0016999261870658995,-0.010342745451855285,0.0070266855524459115,1.0,0.002606695841294693,-0.0036864840216410677,-0.004019990380851324,-0.00310625457444876,-0.008780496831325344,0.002625586256962387,1.0,-0.0011796374608437077,-0.003988357528029063,-0.004150768734473509
xgb_D,G1 xgboost,XGBoost hist on feature set D,0.242888863704237,0.2717285902990416,0.23258986227237588,0.24906910542521818,0.01656515516948442,0.2642232953890532,-0.001975196399682059,-0.010099736612016182,0.006194884398628062,1.0,-0.0004785552643571389,0.003993749376786315,-0.009440783311475354,-0.003381524787064919,-0.009793009862813638,0.0032924562781099483,1.0,-0.004264888566495539,0.00369187587039832,-0.009571561665097539
tuned_H1b_catboost,G2 optuna,"H1b_catboost with Optuna-tuned config (40 trials, inner folds <=Aug)",0.24263511380476244,0.2639344978606264,0.24027621560721113,0.24894860909086666,0.010640292816813862,0.2602571825210597,-0.0020956927340335754,-0.01072537241771223,0.00654175307263464,1.0,-0.0007323051638317146,-0.003800343061628908,-0.001754429976640104,-0.0035020211214164356,-0.009318231096578321,0.00201968074425291,1.0,-0.004518638465970115,-0.004102216568016903,-0.001885208330262289
cat_A_H1b+F4_target_enc,F4 causal target enc,catboost on A + F4 causal target enc,0.24194044497454104,0.26974691082078217,0.23427385987267502,0.2486537385559994,0.015239981822493295,0.25683600750725377,-0.0023905632689008214,-0.011460695235877656,0.0065021841032701175,1.0,-0.0014269739940531156,0.0020120698985268692,-0.007756785711176217,-0.0037968916562836816,-0.010414774816318048,0.002481928437086659,1.0,-0.005213307296191516,0.001710196392138874,-0.007887564064798402
lgbm_D+F3_rank_all,F3 ranks (add),lightgbm on D_absolute + F3 ranks (add),0.24465414276879027,0.26507147770827655,0.2356128509000044,0.2484461571256904,0.012321720740747897,0.2585113210833163,-0.0025981446992098256,-0.009462675400720443,0.0036942128646366354,1.0,0.0012867238001961212,-0.0026633632139787533,-0.006417794683846845,-0.004004473086592686,-0.009779108624895675,0.001903502899628741,1.0,-0.0024996095019422793,-0.0029652367203667485,-0.00654857303746903
tuned_B0_lgbm_D,G2 optuna,"B0_lgbm_D with Optuna-tuned config (60 trials, inner folds <=Aug)",0.24745754330435688,0.26715049056020357,0.22990282832112596,0.2481702873952288,0.015214644013217586,0.2607358216715292,-0.0028740144296714267,-0.011295412140709492,0.005514439472358894,1.0,0.004090124335762724,-0.0005843503620517332,-0.012127817262725271,-0.004280342817054287,-0.010575363589727434,0.0021786215784656724,1.0,0.00030379103362432325,-0.0008862238684397283,-0.012258595616347456
xgb_D+F1g_calendar_flags,G1 xgboost,xgboost on D_absolute + F1 calendar+flags,0.23881350698816428,0.27127798579576967,0.2342842048973519,0.24812523256042862,0.01647556030690926,0.260455742007297,-0.0029190692644716076,-0.01101969503549821,0.0051486802973418275,1.0,-0.00455391198042987,0.00354314487351437,-0.007746440686499323,-0.004325397651854468,-0.010773516069495045,0.0022599896005014233,1.0,-0.00834024528256827,0.003241271367126375,-0.007877219040121508
lgbm_D+F1g_calendar_flags,F1 calendar+flags,lightgbm on D_absolute + F1 calendar+flags,0.23956437715960632,0.2676191612580121,0.2359388915944003,0.24770747667067292,0.014157269598458134,0.26232476829029583,-0.003336825154227322,-0.00805662863001793,0.001633569293203728,1.0,-0.003803041808987828,-0.00011567966424319565,-0.006091753989450943,-0.004743153541610183,-0.010438202588639188,0.0011353713616948794,1.0,-0.007589375111126229,-0.0004175531706311908,-0.006222532343073128
lgbm_D+F5_cohort,F5 cohort/hazard,lightgbm on D_absolute + F5 cohort/hazard,0.24345501204995568,0.2677693627591029,0.23153613530050876,0.24758683670318912,0.01507792369084364,0.2601644213380161,-0.0034574651217111154,-0.011144954019261289,0.003808658144492574,1.0,8.759308136152555e-05,3.4521836847600795e-05,-0.010494510283342473,-0.004863793509093976,-0.011924740148566372,0.0020252242128314816,1.0,-0.003698740220776875,-0.00026735166954039435,-0.010625288636964658
xgb_D+F2_ratios,G1 xgboost,xgboost on D_absolute + F2 ratios,0.24786808313174125,0.2661700843985386,0.22790141088032811,0.247313192803536,0.015628046810528356,0.2619307582592895,-0.0037311090213642353,-0.011776660578782079,0.004343583816259495,1.0,0.0045006641631470945,-0.0015647565237166816,-0.01412923470352312,-0.005137437408747096,-0.0116475727216735,0.0016980774560883508,1.0,0.000714330861008694,-0.0018666300301046768,-0.014260013057145304
xgb_D+F3r_rank_replace,G1 xgboost,xgboost on D_absolute + F3 ranks (replace),0.24629841173828293,0.26778518818532504,0.22740597040685007,0.24716319011015267,0.016496084147957005,0.2609220981222422,-0.0038811117147475502,-0.012161308556917511,0.004689915267139553,1.0,0.0029309927696887783,5.03472630697388e-05,-0.014624675177001167,-0.00528744010213041,-0.01208546306946051,0.0017458204043099828,1.0,-0.0008553405324496222,-0.00025152624331825635,-0.014755453530623353
lgbm_D+F3r_rank_replace,F3 ranks (replace),lightgbm on D_absolute + F3 ranks (replace),0.24889920053170167,0.26034436687651463,0.23155889435479748,0.2469341539210046,0.011833481122399903,0.2603473765519518,-0.0041101479038956334,-0.011417279744868418,0.003105168829453705,1.0,0.0055317815631075185,-0.007390474045740669,-0.01047175122905375,-0.005516476291278494,-0.011928220870041983,0.0009685457741228016,1.0,0.001745448260969118,-0.007692347552128664,-0.010602529582675935
cat_A_H1b+F3_rank_all,F3 ranks (add),catboost on A + F3 ranks (add),0.24746353473863136,0.2617496087058331,0.2309655209810464,0.2467262214751703,0.012578360714555174,0.25592286620985233,-0.004318080349729951,-0.01348621490259061,0.0051982127123944245,1.0,0.004096115770037212,-0.0059852322164222205,-0.011065124602804843,-0.005724408737112811,-0.01203748798132765,0.00047078373757200766,1.0,0.0003097824678988115,-0.006287105722810216,-0.011195902956427028
cat_A_H1b+F2_ratios,F2 ratios,catboost on A + F2 ratios,0.24107210893676423,0.26438447214781013,0.23471197166773616,0.24672285091743684,0.012755717277208142,0.25732467508331763,-0.004321450907463387,-0.01397718978735479,0.004920019685478702,1.0,-0.0022953100318299224,-0.003350368774445167,-0.0073186739161150705,-0.005727779294846247,-0.011952543768263331,0.000393488408669136,1.0,-0.006081643333968323,-0.0036522422808331623,-0.007449452269737256
xgb_D+F1_calendar,G1 xgboost,xgboost on D_absolute + F1 calendar,0.23936809439732532,0.2702732112786834,0.22906203644052203,0.24623444737217692,0.017510955337860484,0.26135123663164256,-0.004809854452723306,-0.012431527574301389,0.002834148096125483,1.0,-0.003999324571268836,0.0025383703564281213,-0.012968609143329202,-0.006216182840106166,-0.012474035528926728,0.00012152093444851247,1.0,-0.007785657873407237,0.002236496850040126,-0.013099387496951387
xgb_D+F3_rank_all,G1 xgboost,xgboost on D_absolute + F3 ranks (add),0.24237385351584528,0.272419937348118,0.22375391807033562,0.24618256964476629,0.020049523635228814,0.2630072798135585,-0.0048617321801339335,-0.0129903473224527,0.003225893598470927,1.0,-0.000993565452748868,0.004685096425862678,-0.01827672751351561,-0.006268060567516794,-0.012554763380529464,0.0003411682268729305,1.0,-0.0047798987548872685,0.004383222919474683,-0.018407505867137797
lgbm_D+F4_target_enc,F4 causal target enc,lightgbm on D_absolute + F4 causal target enc,0.23919316139379676,0.2681329274181532,0.2301617125636617,0.2458292671252039,0.016196331145052572,0.2621396491830984,-0.0052150346996963455,-0.012545290599681482,0.0018429128810404218,1.0,-0.004174257574797391,0.000398086495897898,-0.011868933020189543,-0.006621363087079206,-0.01349844518684504,0.00019269699489406916,1.0,-0.007960590876935791,9.621298950990287e-05,-0.011999711373811728
xgb_D+F5_cohort,G1 xgboost,xgboost on D_absolute + F5 cohort/hazard,0.23895055049888825,0.27040611684934523,0.22659345492702943,0.24531670742508763,0.018444209600604246,0.259244727119237,-0.005727594399812593,-0.014055660115469834,0.0023457430802807833,1.0,-0.0044168684697059035,0.0026712759270899333,-0.015437190656821809,-0.007133922787195453,-0.01399254753626284,0.00011510917111070835,1.0,-0.008203201771844304,0.002369402420701938,-0.015567969010443994
cat_A_H1b+F5_cohort,F5 cohort/hazard,catboost on A + F5 cohort/hazard,0.24386732399170286,0.263238599250911,0.22852081923284917,0.24520891415848767,0.014205185918702207,0.25593319088543887,-0.0058353876664125615,-0.014790281270125456,0.0037497262306938756,1.0,0.0004999050231087043,-0.004496241671344325,-0.013509826351002063,-0.007241716053795422,-0.013397092283829296,-0.0007542838240968125,0.704647676161919,-0.003286428279029696,-0.0047981151777323205,-0.013640604704624248
cat_A_H1b+F3r_rank_replace,F3 ranks (replace),catboost on A + F3 ranks (replace),0.2482787073455237,0.25866351054449566,0.22694147879886328,0.24462789889629422,0.013205254667933044,0.2541745664780649,-0.006416402928606013,-0.016121127565403244,0.0033625624741716012,1.0,0.004911288376929557,-0.009071330377759645,-0.01508916678498795,-0.007822731315988873,-0.014640239945640184,-0.001022528312605997,0.704647676161919,0.0011249550747911563,-0.00937320388414764,-0.015219945138610136
xgb_D+F4_target_enc,G1 xgboost,xgboost on D_absolute + F4 causal target enc,0.2365564239947322,0.26935855766225103,0.2268193212991385,0.2442447676520406,0.018197612091221275,0.2632084940027602,-0.006799534172859649,-0.014751506697855764,0.0013897534544005281,1.0,-0.00681099497386195,0.0016237167399957286,-0.015211324284712724,-0.008205862560242508,-0.014556324626180896,-0.0018755019526413576,0.3408295852073963,-0.01059732827600035,0.0013218432336077335,-0.015342102638334909
